{"train_f1_macro": 0.5647156534223753, "train_f1_micro": 0.6604035929617325, "test_f1_macro": 0.5001475764614889, "test_f1_micro": 0.6123504614905365}